model,mean_train_score,std_train_score,mean_test_score,std_test_score
Dummy,0.7004341600320751,0.00033049123721965796,0.7004342594045937,0.0013243524703071435
Decision Tree,1.0,0.0,0.9732407262072934,0.009283583409761884
KNN,0.7892541709965388,0.003780221812898933,0.6707764348872496,0.022727706155866848
SVM RBF,0.7004341600320751,0.00033049123721965796,0.7004342594045937,0.0013243524703071435
Naive Bayes,0.6597332525999688,0.007490209585315487,0.6548657981478574,0.020112904809969568
Logistic Regression,0.8364687880994657,0.007510740384032051,0.8314157902997958,0.02007684126822013
